patient_id,hospitalization_days
pat_0401,
pat_0402,
pat_0403,
pat_0404,
pat_0405,
pat_0406,
pat_0407,
pat_0408,
pat_0409,
pat_0410,
pat_0411,
pat_0412,
pat_0413,
pat_0414,
pat_0415,
pat_0416,
pat_0417,
pat_0418,
pat_0419,
pat_0420,
pat_0421,
pat_0422,
pat_0423,
pat_0424,
pat_0425,
pat_0426,
pat_0427,
pat_0428,
pat_0429,
pat_0430,
pat_0431,
pat_0432,
pat_0433,
pat_0434,
pat_0435,
pat_0436,
pat_0437,
pat_0438,
pat_0439,
pat_0440,
pat_0441,
pat_0442,
pat_0443,
pat_0444,
pat_0445,
pat_0446,
pat_0447,
pat_0448,
pat_0449,
pat_0450,
pat_0451,
pat_0452,
pat_0453,
pat_0454,
pat_0455,
pat_0456,
pat_0457,
pat_0458,
pat_0459,
pat_0460,
pat_0461,
pat_0462,
pat_0463,
pat_0464,
pat_0465,
pat_0466,
pat_0467,
pat_0468,
pat_0469,
pat_0470,
pat_0471,
pat_0472,
pat_0473,
pat_0474,
pat_0475,
pat_0476,
pat_0477,
pat_0478,
pat_0479,
pat_0480,
pat_0481,
pat_0482,
pat_0483,
pat_0484,
pat_0485,
pat_0486,
pat_0487,
pat_0488,
pat_0489,
pat_0490,
pat_0491,
pat_0492,
pat_0493,
pat_0494,
pat_0495,
pat_0496,
pat_0497,
pat_0498,
pat_0499,
pat_0500,
